INSERT INTO SalesPoint (ID, NAME, LOCATION, UNIQUE_CODE) VALUES
(1, 'Central Mall Gift Shop', 'Downtown City Center', 'CMG001'),
(2, 'Airport Duty-Free', 'International Airport Terminal 2', 'ADF002'),
(3, 'OnlineStore.com', 'Online Retailer', 'ONL003'),
(4, 'The Book Nook', 'Main Street, Old Town', 'TBN004'),
(5, 'TechWorld Superstore', 'Tech Plaza, Silicon Valley', 'TWS005'),
(6, 'City Center Kiosk', 'Central Square, Metro City', 'CCK006'),
(7, 'MegaDiscount Store', 'Discount Lane, Suburbia', 'MDS007'),
(8, 'Premium Gifts Boutique', 'Luxury District, Uptown', 'PGB008'),
(9, 'SuperMarket Chain #7', 'Various Locations Nationwide', 'SMC009'),
(10, 'TicketHub', 'Event Arena, Stadium Boulevard', 'THB010');

INSERT INTO Voucher (ID, NAME, AMOUNT, SERVICE_PROVIDER) VALUES
(1, 'BrandOne €50 Gift Voucher', 50.0, 'BrandOne Vouchers'),
(2, 'BrandOne €100 Gift Voucher', 100.0, 'BrandOne Vouchers'),
(3, 'BrandOne €25 Gift Voucher', 25.0, 'BrandOne Vouchers'),
(4, 'GiftExpress €20 Voucher', 20.0, 'GiftExpress'),
(5, 'GiftExpress €50 Voucher', 50.0, 'GiftExpress'),
(6, 'GiftExpress €75 Voucher', 75.0, 'GiftExpress'),
(7, 'LuxVouchers €100 Luxury Gift', 100.0, 'LuxVouchers'),
(8, 'LuxVouchers €250 Premium Gift', 250.0, 'LuxVouchers'),
(9, 'LuxVouchers €500 Exclusive Gift', 500.0, 'LuxVouchers'),
(10, 'TicketMaster Plus €30 Event Voucher', 30.0, 'TicketMaster Plus'),
(11, 'TicketMaster Plus €60 Event Voucher', 60.0, 'TicketMaster Plus'),
(12, 'TicketMaster Plus €100 Event Voucher', 100.0, 'TicketMaster Plus'),
(13, 'GoVoucher €15 General Voucher', 15.0, 'GoVoucher'),
(14, 'GoVoucher €40 General Voucher', 40.0, 'GoVoucher'),
(15, 'GoVoucher €75 General Voucher', 75.0, 'GoVoucher'),
(16, 'Premium Deals €10 Discount Voucher', 10.0, 'Premium Deals'),
(17, 'Premium Deals €30 Discount Voucher', 30.0, 'Premium Deals'),
(18, 'Premium Deals €100 Discount Voucher', 100.0, 'Premium Deals');

INSERT INTO Transaction (ID, VOUCHER_ID, SALESPOINT_ID, SALE_DATE, AMOUNT, IS_USED, USED_DATE, ACTIVATION_CODE, STATUS) VALUES
(1, 4, 4, '2024-09-26 15:26:00.000', 408.31, 1, '2024-09-23 15:26:00.000', '0D63E403-745C-4313-82DA-CB52675292D2', 'SOLD'),
(2, 14, 1, '2024-10-06 17:42:00.000', 206.5, 0, NULL, 'CFF22086-15A4-4B21-B792-2444AC2DF11F', 'SOLD'),
(3, 14, 8, '2024-10-09 12:32:00.000', 354.15, 1, '2024-10-14 12:32:00.000', '9114D0A8-456C-4872-954B-EB5129C50861', 'SOLD'),
(4, 9, 9, '2024-10-03 10:02:00.000', 403.17, 0, NULL, 'D4DD1B31-7268-4752-94ED-838B3B37F110', 'SOLD'),
(5, 11, 4, '2024-09-17 02:06:00.000', 200.56, 1, '2024-09-08 02:06:00.000', '1BF43684-CA8D-4595-B742-E059E2F8522E', 'SOLD'),
(6, 18, 4, '2024-10-02 18:20:00.000', 434.2, 0, NULL, '3CAAA3CD-3F8D-4E65-B801-9D671408831E', 'SOLD'),
(7, 18, 1, '2024-09-30 19:37:00.000', 219.14, 0, NULL, '4BF10F95-F3A1-4FCE-87AE-BEBF862439EA', 'SOLD'),
(8, 6, 10, '2024-09-21 12:32:00.000', 466.87, 1, '2024-09-14 12:32:00.000', '7E32C02F-595C-4D70-9421-23C9AC84150D', 'SOLD'),
(9, 15, 1, '2024-10-11 14:37:00.000', 253.93, 0, NULL, 'AB5CE6D5-1A1D-488C-80F4-593116BA1401', 'SOLD'),
(10, 16, 7, '2024-09-23 09:43:00.000', 480.15, 0, NULL, '963C4B4F-5E66-4A35-869A-B19F89601A02', 'SOLD'),
(11, 9, 3, '2024-10-09 13:49:00.000', 61.32, 1, '2024-10-01 13:49:00.000', 'A17CA627-3E64-4A44-B8E5-074BC0446961', 'SOLD'),
(12, 12, 10, '2024-09-15 16:09:00.000', 129.05, 1, '2024-09-17 16:09:00.000', '4368B03E-6420-4808-8E32-8BD8D4349425', 'SOLD'),
(13, 11, 3, '2024-10-02 11:18:00.000', 389.2, 0, NULL, '14C3C096-91F1-4F7E-8F7F-7C5C15F74673', 'SOLD'),
(14, 1, 3, '2024-10-05 11:42:00.000', 182.46, 0, NULL, '3B147629-9A55-45C8-B54A-26C2EFF976E8', 'SOLD'),
(15, 11, 7, '2024-09-30 05:15:00.000', 283.26, 1, '2024-09-26 22:53:45.333', 'ACB45269-AD91-403A-AAF6-F8FF656AE233', 'SOLD'),
(16, 16, 5, '2024-09-12 10:38:00.000', 445.44, 1, '2024-09-13 10:38:00.000', 'A78C91F3-9C5F-403E-8272-8F0FAB5A4BFA', 'SOLD'),
(17, 7, 8, '2024-10-03 11:38:00.000', 56.41, 1, '2024-09-26 11:38:00.000', '651E760D-A943-4048-9BA2-5D84881C33CF', 'SOLD'),
(18, 9, 4, '2024-09-22 17:07:00.000', 488.85, 0, NULL, 'FEA59D88-5126-4B48-9673-52657F00D7EB', 'SOLD'),
(19, 6, 8, '2024-10-05 14:19:00.000', 94.31, 0, NULL, '8B76E90B-2CAD-4C88-BB61-F22988B774E1', 'SOLD'),
(20, 14, 4, '2024-10-02 08:56:00.000', 118.51, 1, '2024-09-26 08:56:00.000', '1798F325-2CA2-4721-95D4-AA1AC39D83FA', 'SOLD'),
(21, 15, 3, '2024-10-09 19:51:00.000', 125.99, 0, NULL, '17CC1254-0D14-4DF6-BD82-5F6FAE446586', 'SOLD'),
(22, 6, 6, '2024-10-05 10:49:00.000', 121.1, 0, NULL, '2CA587BC-EBD7-4DDF-BE94-22B06384519B', 'SOLD'),
(23, 2, 6, '2024-09-20 08:27:00.000', 41.73, 1, '2024-09-18 08:27:00.000', '79571C50-E383-4499-BAEA-9136D235E561', 'SOLD'),
(24, 18, 10, '2024-09-20 12:58:00.000', 446.96, 1, '2024-09-18 12:58:00.000', '980A9978-EFA4-4696-8F02-7631CD65C99F', 'SOLD'),
(25, 5, 10, '2024-09-16 11:25:00.000', 400.52, 1, '2024-09-20 11:25:00.000', '78A8D9AB-F6F0-44C5-8D0C-D605A83339B0', 'SOLD'),
(26, 8, 5, '2024-09-22 14:01:00.000', 410.7, 1, '2024-09-16 14:01:00.000', 'FA16F422-9452-4A7A-9062-E46F8616B388', 'SOLD'),
(27, 7, 10, '2024-09-13 10:49:00.000', 156.5, 0, NULL, '2071C84F-24C3-441D-A0E5-BDB6AEB01FF8', 'SOLD'),
(28, 1, 7, '2024-09-26 16:50:00.000', 336.37, 1, '2024-09-27 16:50:00.000', '3DF5B3E4-FD49-4DB7-954B-8DC17B26E71E', 'SOLD'),
(29, 8, 1, '2024-09-23 22:23:00.000', 418.65, 0, NULL, '6C25A751-017E-4013-91F2-276D2561C9D7', 'SOLD'),
(30, 7, 7, '2024-10-08 02:02:00.000', 34.31, 1, '2024-10-09 02:02:00.000', 'B00620DD-D8BA-4794-934A-FFAB59202EF4', 'SOLD'),
(31, 2, 5, '2024-09-21 16:52:00.000', 312.85, 1, '2024-09-22 16:52:00.000', '673A2185-3A4F-48B7-9148-89DDD95141BC', 'SOLD'),
(32, 8, 2, '2024-10-06 22:39:00.000', 266.51, 1, '2024-10-11 22:39:00.000', '90FAE6D6-340F-4F71-BDC0-292CACE4DA26', 'SOLD'),
(33, 10, 8, '2024-09-14 15:41:00.000', 439.28, 0, NULL, '1B84FFE2-2C57-4F7C-A140-CED97D52F578', 'SOLD'),
(34, 10, 2, '2024-09-20 00:19:00.000', 301.3, 1, '2024-09-25 00:19:00.000', '0DBDC9B8-0D89-4F6A-981A-FA8AFA74A237', 'SOLD'),
(35, 9, 10, '2024-09-24 05:52:00.000', 429.16, 1, '2024-09-25 05:52:00.000', '16944D77-50FC-4B45-B002-3BF4D2111535', 'SOLD'),
(36, 17, 3, '2024-10-06 18:44:00.000', 407.11, 1, '2024-09-29 18:44:00.000', 'C5F8822E-3E16-4F55-8DC1-01592401F90B', 'SOLD'),
(37, 6, 3, '2024-09-16 20:21:00.000', 416.13, 1, '2024-09-17 20:21:00.000', '5BDE2916-1D20-4B94-B47B-59C806A317E9', 'SOLD'),
(38, 16, 9, '2024-09-12 16:14:00.000', 55.95, 1, '2024-09-12 16:14:00.000', '39F906C9-2AC6-4DF7-A938-95AEF2671A8F', 'SOLD'),
(39, 2, 10, '2024-10-11 05:11:00.000', 181.77, 0, NULL, '43B724EC-9790-49A3-83F2-9A6596D30806', 'SOLD'),
(40, 9, 9, '2024-10-11 09:54:00.000', 473.98, 0, NULL, '8C4417C5-0B0E-4F02-87E9-9D7FF0A085F9', 'SOLD'),
(41, 13, 8, '2024-09-11 07:52:00.000', 313.47, 1, '2024-09-10 07:52:00.000', '516E8255-7412-4B74-94BC-72A66B338753', 'SOLD'),
(42, 12, 1, '2024-09-20 23:25:00.000', 242.35, 0, NULL, '7B5737B8-37C5-49F2-9ECA-F986F157A28F', 'SOLD'),
(43, 14, 2, '2024-10-11 22:25:00.000', 292.72, 0, NULL, '7CB02B6D-15DE-4889-998C-8ED145DCA53C', 'SOLD'),
(44, 3, 1, '2024-10-10 17:55:00.000', 70.83, 0, NULL, 'BB483CF2-C155-4EF7-AB70-11AE33C7EC7A', 'SOLD'),
(45, 4, 8, '2024-09-29 20:07:00.000', 466.46, 0, NULL, '3B8489A2-2E82-470C-BB63-1FBE2A3B0979', 'SOLD'),
(46, 15, 9, '2024-10-10 19:40:00.000', 123.63, 0, NULL, 'AE234250-22B4-490D-9800-9AEA4CC04C92', 'SOLD'),
(47, 11, 6, '2024-09-26 17:35:00.000', 334.33, 0, NULL, '325D8AFD-3EAC-4D48-8F6A-F6324C6C3EDE', 'SOLD'),
(48, 15, 10, '2024-09-30 06:14:00.000', 33.97, 0, NULL, 'B74C1011-050E-4E92-AF6E-8B07F19B8C3C', 'SOLD'),
(49, 18, 3, '2024-09-28 13:20:00.000', 197.15, 1, '2024-10-02 13:20:00.000', '515A531A-FD28-4101-91D1-F43F6DBC071B', 'SOLD'),
(50, 8, 10, '2024-09-19 11:04:00.000', 418.43, 1, '2024-09-15 11:04:00.000', 'D931233B-BE4D-436D-8693-0103F716DEC4', 'SOLD'),
(51, 17, 5, '2024-09-20 18:44:00.000', 338.95, 0, NULL, '0913A474-47ED-4CE0-9960-A2FE4AF9F7A2', 'SOLD'),
(52, 3, 8, '2024-09-26 20:48:00.000', 83.98, 1, '2024-09-30 20:48:00.000', 'B6AEB8D1-049B-4548-AD85-5CDADAFA2FF1', 'SOLD'),
(53, 18, 3, '2024-10-07 23:29:00.000', 232.8, 1, '2024-09-28 23:29:00.000', '9B5C5C7B-DC93-4ABB-A67D-3966BD092A59', 'SOLD'),
(54, 3, 2, '2024-09-15 03:40:00.000', 16.23, 1, '2024-09-08 03:40:00.000', 'B7D69660-82C3-4918-88B0-AB905E28041B', 'SOLD'),
(55, 3, 7, '2024-09-12 19:42:00.000', 84.25, 0, NULL, '1BCA511C-0DCE-4D53-BAD6-424975AF60F5', 'SOLD'),
(56, 3, 1, '2024-09-11 01:09:00.000', 432.43, 1, '2024-09-03 01:09:00.000', 'BFA39C45-6879-4252-A2E9-1123F1CA82E4', 'SOLD'),
(57, 13, 3, '2024-09-28 05:15:00.000', 468.65, 0, NULL, 'F6557BE4-7B09-42FC-9A6C-58BDE98B9B20', 'SOLD'),
(58, 16, 2, '2024-09-28 10:48:00.000', 226.75, 0, NULL, '481B3EB5-2C1A-4F02-878A-875A14916393', 'SOLD'),
(59, 1, 1, '2024-09-21 03:11:00.000', 337.72, 1, '2024-09-20 03:11:00.000', '46DCCD6B-BD6C-4F41-9EDC-00F82411203F', 'SOLD'),
(60, 15, 4, '2024-09-20 13:29:00.000', 340.6, 1, '2024-09-22 13:29:00.000', '3B531F89-0DCC-456E-93A7-AE46DA3AAEE9', 'SOLD'),
(61, 7, 4, '2024-09-28 08:13:00.000', 340.58, 0, NULL, '97634F48-A27B-426A-87BC-8D4FBA585CF8', 'SOLD'),
(62, 10, 9, '2024-10-08 12:57:00.000', 188.67, 0, NULL, '2880BE0A-B83D-481B-9729-B7E4F51BC354', 'SOLD'),
(63, 4, 7, '2024-09-18 15:05:00.000', 299.08, 0, NULL, '63224380-5EFE-4F72-9B53-7DD3F9EA6EF9', 'SOLD'),
(64, 11, 8, '2024-10-02 12:12:00.000', 80.21, 1, '2024-09-24 12:12:00.000', '6C614DC1-33C9-43C8-B7CF-DB4DE6F3B185', 'SOLD'),
(65, 10, 7, '2024-10-07 07:00:00.000', 444.84, 1, '2024-09-28 07:00:00.000', '5A59FCF4-5D35-4AB2-A9ED-FCBB2F28AC0C', 'SOLD'),
(66, 8, 1, '2024-09-14 09:39:00.000', 83.03, 0, NULL, '448E95DB-A1B8-4597-BBC9-65828A89B386', 'SOLD'),
(67, 8, 10, '2024-09-19 18:57:00.000', 366.01, 0, NULL, 'CE733E17-C73A-491D-AD0F-DEC4FA416B5C', 'SOLD'),
(68, 17, 8, '2024-10-04 21:23:00.000', 18.11, 1, '2024-10-09 21:23:00.000', 'CA2B8AE3-336B-47AB-9FF3-1E0CD8767ACF', 'SOLD'),
(69, 12, 7, '2024-10-02 11:04:00.000', 232.49, 0, NULL, '840DAC72-C375-4CE0-BFAA-41D3995910D3', 'SOLD'),
(70, 13, 9, '2024-09-29 11:08:00.000', 72.95, 1, '2024-09-23 11:08:00.000', '7302FBE8-AE76-4917-8096-34D245479C40', 'SOLD'),
(71, 5, 4, '2024-09-14 01:11:00.000', 12.27, 1, '2024-09-14 01:11:00.000', '1AEE449E-E958-4425-A28A-056551B4DEDD', 'SOLD'),
(72, 16, 9, '2024-09-14 12:56:00.000', 409.47, 0, NULL, '2780D720-91E1-49D3-AC9F-1CA6387B432C', 'SOLD'),
(73, 11, 1, '2024-10-04 17:20:00.000', 113.62, 1, '2024-10-06 17:20:00.000', 'C39C5B26-85AB-48D2-B977-E7FE6499E59B', 'SOLD'),
(74, 12, 1, '2024-09-23 22:42:00.000', 335.86, 0, NULL, 'D64D2F0A-8842-4A41-BD8E-996065425F68', 'SOLD'),
(75, 11, 4, '2024-09-23 17:00:00.000', 40.67, 0, NULL, '1CBF5592-4483-4383-96BD-C3E3CA2761C9', 'SOLD'),
(76, 11, 8, '2024-09-19 23:12:00.000', 24.87, 1, '2024-09-12 23:12:00.000', '54A47A54-741B-4AFB-8094-D4F94F9FAE9E', 'SOLD'),
(77, 18, 3, '2024-10-06 09:32:00.000', 417.09, 1, '2024-10-05 09:32:00.000', '970246CA-AA3E-4A15-8DCF-E44E15EA6D9C', 'SOLD'),
(78, 17, 5, '2024-09-12 02:02:00.000', 199.01, 1, '2024-09-14 02:02:00.000', '7D19DCCD-F7D4-4E75-86E8-E9F7C0E824DC', 'SOLD'),
(79, 12, 3, '2024-09-18 05:38:00.000', 258.63, 1, '2024-09-12 05:38:00.000', '374D38A7-38C7-45B8-A779-6AD1CBA71941', 'SOLD'),
(80, 5, 8, '2024-09-17 11:16:00.000', 31.55, 1, '2024-09-18 11:16:00.000', '748DD1D7-7EEA-409E-B0A7-2731ABAAAFA7', 'SOLD'),
(81, 17, 4, '2024-09-22 10:47:00.000', 107.6, 1, '2024-09-26 10:47:00.000', '2BC596DC-E624-4656-ADD9-017838991CF1', 'SOLD'),
(82, 8, 8, '2024-10-07 04:20:00.000', 83.05, 0, NULL, 'EF3D598C-5843-4181-BAC0-3D23490A749B', 'SOLD'),
(83, 1, 1, '2024-09-12 11:00:00.000', 185.61, 1, '2024-09-09 11:00:00.000', '8EE0F4F9-6191-43AB-BB70-AA3262EECBF7', 'SOLD'),
(84, 15, 2, '2024-09-28 01:30:00.000', 260.47, 0, NULL, '3570A674-6744-49DF-96AD-17CAC3E18C00', 'SOLD'),
(85, 1, 9, '2024-09-21 20:08:00.000', 122.99, 0, NULL, '5E06C83F-6B39-40F0-88FC-7D7FF525C814', 'SOLD'),
(86, 11, 2, '2024-09-14 02:55:00.000', 449.1, 1, '2024-09-06 02:55:00.000', '853F9878-479B-4FA3-ABDE-245A96E674A1', 'SOLD'),
(87, 7, 5, '2024-09-22 12:57:00.000', 177.87, 0, NULL, '1E578170-1D9E-4C6A-8C0F-513C46785FBC', 'SOLD'),
(88, 18, 1, '2024-09-27 09:38:00.000', 356.89, 1, '2024-09-23 09:38:00.000', '76ABA165-49EA-4D7B-A033-72BB24C13CFC', 'SOLD'),
(89, 11, 2, '2024-09-14 18:36:00.000', 367.08, 0, NULL, 'A04B6840-3FFF-48C1-9D07-874E988B38A3', 'SOLD'),
(90, 15, 7, '2024-10-10 11:44:00.000', 434.95, 0, NULL, '979B50A0-D12D-4460-B2C0-E2E36900C0A1', 'SOLD'),
(91, 14, 7, '2024-09-19 13:45:00.000', 456.04, 0, NULL, '85E5BDBF-4E50-4CCC-956A-1B6896DEDCF4', 'SOLD'),
(92, 3, 10, '2024-10-11 07:53:00.000', 276.45, 1, '2024-10-10 07:53:00.000', '12368808-FA95-4DE9-A214-FA73E1B0C0C9', 'SOLD'),
(93, 5, 3, '2024-09-25 22:55:00.000', 44.15, 1, '2024-09-27 22:55:00.000', '718C0A20-2B23-4A39-826B-EE617B918392', 'SOLD'),
(94, 1, 8, '2024-09-19 13:11:00.000', 412.77, 1, '2024-09-18 13:11:00.000', '7EF073B3-CD19-4AF2-B8A5-597A0DD31F4F', 'SOLD'),
(95, 8, 3, '2024-09-18 08:20:00.000', 382.3, 1, '2024-09-17 08:20:00.000', '45B20C58-1B8A-4C1A-9FE7-E99E6FA4F41C', 'SOLD'),
(96, 15, 8, '2024-10-09 06:00:00.000', 256.29, 1, '2024-10-04 06:00:00.000', 'C72B7D9A-77EE-4114-9B55-8576793516F9', 'SOLD'),
(97, 1, 1, '2024-09-21 05:09:00.000', 18.1, 0, NULL, 'EC5E4F73-9AFA-4EB4-8413-7A375B6AA5A9', 'SOLD'),
(98, 14, 5, '2024-09-13 09:36:00.000', 69.69, 1, '2024-09-09 09:36:00.000', '8F3FC4FC-F63A-4EB6-A9DF-D035E168F245', 'SOLD'),
(99, 9, 10, '2024-09-28 20:45:00.000', 298.86, 0, NULL, '1A53E82A-03C8-4B9A-A35C-D43C7245502D', 'SOLD'),
(100, 16, 9, '2024-09-19 17:12:00.000', 348.31, 0, NULL, 'AEECD3EC-810F-4EDB-A3A4-F7FA29B6928E', 'SOLD');
